<?xml version="1.0" encoding="UTF-8"?>
<project-private xmlns="http://www.netbeans.org/ns/project-private/1">
    <editor-bookmarks xmlns="http://www.netbeans.org/ns/editor-bookmarks/2" lastBookmarkId="0"/>
    <open-files xmlns="http://www.netbeans.org/ns/projectui-open-files/2">
        <group>
            <file>file:/C:/Users/esmer/OneDrive/one%20drive/OneDrive/Documentos/NetBeansProjects/T3A2/src/t3a2/T3A2.java</file>
            <file>file:/C:/Users/esmer/OneDrive/one%20drive/OneDrive/Documentos/NetBeansProjects/T3A2/src/t3a2/Main.java</file>
        </group>
    </open-files>
</project-private>
